County,Healthcare Access Index | Antenatal Care Access,Healthcare Access Index | Skilled Delivery,Healthcare Access Index | Postnatal Care,Healthcare Access Index | Geographic Barriers (5km / 30-min Standard),Healthcare Access Index | Financial Barriers (Insurance & OOP),Healthcare Access Index | Health Insurance Coverage,Healthcare Access Index | Tracer Item Utilisation (HRH Proxy),Healthcare Access Index,Population Vulnerability Index | Socioeconomic Deprivation,Population Vulnerability Index | WASH Deficits,Population Vulnerability Index | Demographic Vulnerability,Population Vulnerability Index,Immunization Coverage Index | EPI Routine Vaccines,Immunization Coverage Index | Vaccination Completion,Immunization Coverage Index,Disease Burden Index | Child Nutrition,Disease Burden Index | Infectious Disease Burden,Disease Burden Index,UCS,Cluster,Cluster_label,HDBSCAN_Cluster,Anomaly,Anomaly_score,Predicted_Anomaly,Predicted_Anomaly_label
Baringo,-0.2913353034754273,0.6035237571571337,-0.32109102122120836,0.8218370855405968,0.8814699628107943,-0.2851057889208803,0.2561333176008688,0.23791885849883965,0.18548250002248673,0.7273771515511209,-0.2402237726986571,0.2242119596249835,-0.39213050411733064,0.4093327292836242,0.008601112583146775,0.6128141799416434,-0.4731880620645896,0.06981305893852693,66.08247809904711,1,"Cluster 2: Moderately Served — Central, Rift Valley and Urban Counties",-1,Normal,0.16676553032000901,0,Normal
Bomet,-0.1812127285988703,0.09388826216290992,-0.23163625538841687,-0.6575115789499212,-0.9010632766858304,-0.026419069243633523,1.088922560251255,-0.11643315520750105,-0.43178661923706546,0.5091971641385828,-0.4334841854005816,-0.11869121349968807,-0.4424344400533607,0.27224196392836736,-0.08509623806249667,-0.03766215832986264,-0.41226021505682575,-0.2249611866933442,49.78886533087431,1,"Cluster 2: Moderately Served — Central, Rift Valley and Urban Counties",-1,Normal,0.1302962859034439,0,Normal
Bungoma,0.6767985766952201,-0.27762345551433026,0.8281039485183466,-0.34906890035029425,0.43987562553368464,-0.2398356129773624,0.8435471583989089,0.2745424771863105,-0.4661217336993656,0.41569145524749523,-0.5390424196480978,-0.1964908993666561,-0.511521857745638,0.5176801319488963,0.003079137101629159,-0.036564883631546384,0.8432740095331379,0.40335456295079575,62.2350968412788,1,"Cluster 2: Moderately Served — Central, Rift Valley and Urban Counties",-1,Normal,0.13754963152869842,0,Normal
Busia,0.24351734049043486,-0.18792942514049404,-0.8449703480167411,-0.2714420756466412,-0.475624829796908,0.10292429059498986,0.6279142294983626,-0.11508725971671388,-0.300106764593935,0.6598452506853355,-0.2244955308827044,0.04508098506956537,-0.41282279381826925,0.3169187681867748,-0.047952012815747236,-0.38456529439628573,0.5666484898808026,0.09104159774225845,56.461331833337894,1,"Cluster 2: Moderately Served — Central, Rift Valley and Urban Counties",-1,Normal,0.157638705830014,0,Normal
Elgeyo Marakwet,-0.4430970601358278,-0.4039692350714699,-0.7854213860337579,-0.7174305608602563,-1.520372408232996,-1.2745824916863495,0.5312511924050142,-0.6590888499450919,-0.38273014610881195,0.7169876283409999,0.09169684690074947,0.1419847763776458,0.07795841958117257,-0.06867051776904613,0.004643950906063218,0.35640216958416154,-0.6644753465753243,-0.15403658849558136,45.845695057844765,1,"Cluster 2: Moderately Served — Central, Rift Valley and Urban Counties",-1,Normal,0.13482284846397308,0,Normal
Embu,0.10077829241509532,-1.2943375320593267,-1.2325826044103885,-0.4715346010397376,-1.2834193492062544,-1.3651228435733858,-1.5209794412691515,-1.0095997255918785,-0.6109367928602467,0.026084334867963077,0.7277492130604986,0.04763225168940499,-0.6284516288560339,0.597347339791008,-0.015552144532512968,-0.26276656924296105,-0.9498438278355004,-0.6063051985392307,32.728165788150584,1,"Cluster 2: Moderately Served — Central, Rift Valley and Urban Counties",-1,Normal,0.05822151630957656,0,Normal
Garissa,-2.669203834004859,1.2512837047372933,2.340132583795454,0.934244281189381,0.9137817435871678,2.1142135360855834,-2.264541265064139,0.37427296433226875,0.6512070032526645,0.6962085819207587,-0.9399908324336904,0.1358082509132443,4.185152330450561,-4.100034687338127,0.04255882155621693,-0.4999780086524646,-0.58930607642393,-0.5446420425381973,60.094706986344846,0,Cluster 1: Structurally Underserved — ASAL and Remote Counties,-1,Normal,0.12246495923737266,0,Normal
Homa Bay,-0.1230607919701565,-0.08252491363632089,0.02152663855508123,0.2835047956736532,1.0053317891202271,-0.4015148127756416,0.665092320688112,0.19547928937927925,0.10569955125602684,0.6546504890802747,0.5816125569333003,0.44732086575653396,-0.07211237837427964,0.122530781052022,0.02520920133887118,-0.6373073224932239,2.1843427159183624,0.7735176967125692,77.36456183036245,1,"Cluster 2: Moderately Served — Central, Rift Valley and Urban Counties",-1,Normal,0.12781425881971215,0,Normal
Isiolo,0.1983420704394845,0.2763364664497825,0.12985090850957823,-0.13491183312951283,0.030593069032949054,1.3187518730780496,-0.3684586143869208,0.20721484857048716,0.5819317079827255,-0.08820042044336651,-0.4626306570455273,0.010366876831277239,0.5108565602523957,-0.1802677766148272,0.16529439181878425,-0.10241675216545033,0.48423889909739437,0.19091107346597203,62.72740319723879,1,"Cluster 2: Moderately Served — Central, Rift Valley and Urban Counties",-1,Normal,0.0008401392577906952,0,Normal
Kajiado,0.6505540172190288,-0.0408888968434136,-0.3830132729525645,-0.2178383444565121,-0.012489305335549272,-0.5437925085981271,0.06280724341417207,-0.06923729536470936,-0.37696619967966905,-2.3063636258041695,-1.2811962211366321,-1.3215086822068236,0.44234699531823635,-0.404585366751484,0.01888081428337618,-0.7636246306558488,0.020757380268343246,-0.3714336251937528,25.705511417990028,1,"Cluster 2: Moderately Served — Central, Rift Valley and Urban Counties",-1,Normal,0.07139217869386372,0,Normal
Kakamega,0.6750921289716729,-0.7317735828144292,0.5658580852212661,-0.3010440791456834,0.49372859349430775,-0.4920551646626779,0.6948347936399114,0.12923439638633824,-0.29801224728807213,0.40530193203737425,0.18901394979798464,0.09876787818242892,-0.6723620827680407,0.597347339791008,-0.03750737148851635,-1.0290131211405047,0.10047754481395559,-0.4642677881632746,55.824646189302754,1,"Cluster 2: Moderately Served — Central, Rift Valley and Urban Counties",-1,Normal,0.16145667201824815,0,Normal
Kericho,-0.2519373236805892,-0.3847476413917979,0.6393788147576815,-1.0370361488225432,-1.795022544832174,-0.22690127699349988,-2.621450940485733,-0.8111024373498079,-0.6426140520391775,0.2286800374653201,-0.20074120947117746,-0.20489174134834498,-0.02461523382620303,0.07368695800484298,0.024535862089319977,-0.437918784657742,-0.2385784628219704,-0.3382486237398562,34.35375647436484,1,"Cluster 2: Moderately Served — Central, Rift Valley and Urban Counties",-1,Normal,0.0978039118407486,0,Normal
Kiambu,0.3851432141845,-0.9051508446742582,-0.9013287701505216,-0.8976907028554318,-1.138016335712572,-1.0223629400010334,0.6056073747845129,-0.553399857774972,-0.7598232666911753,-2.5972702756875536,-0.38683936177507294,-1.2479776347179339,-0.4313376131898171,0.5049333786941581,0.0367978827521705,-0.17290845233868143,1.104112493599279,0.46560202063029876,27.576138616163004,1,"Cluster 2: Moderately Served — Central, Rift Valley and Urban Counties",-1,Normal,0.0036615230617916827,0,Normal
Kilifi,0.24941535622305747,0.06394126658100868,-0.5370516797213774,0.1068619372147723,-0.3194512227111011,0.4327498581834796,-0.42794356029051983,-0.06163972064581146,0.5980729916947156,0.09881099733880938,-0.33554325082850084,0.12044691273500806,-0.4753766293471572,0.5686671449678475,0.046645257810345175,1.8515984211025487,2.0526768840932235,1.952137652597886,79.30717718759944,1,"Cluster 2: Moderately Served — Central, Rift Valley and Urban Counties",-1,Anomaly,-0.0012602088866860983,1,Anomaly
Kirinyaga,0.7702382230385387,-0.9665081201266602,-1.2259061945515164,-0.806865716996305,-0.997998619014952,-0.8865524121704793,-0.04129141191712635,-0.5935548931055001,-0.7019771683672063,-0.8362460915720682,0.975266215812658,-0.18765234804220546,-0.4939911496477544,0.48899993712573586,-0.002495606261009281,-0.5902894517199968,-0.840966134108174,-0.7156277929140854,34.47242687355126,1,"Cluster 2: Moderately Served — Central, Rift Valley and Urban Counties",-1,Normal,0.12549017136212548,0,Normal
Kisii,-0.18786062990674013,-0.21629016641283258,-0.8272528504883611,-0.030901033797918614,0.09521663058569692,-0.699004540404475,0.9699526684440568,-0.12801998885436763,-0.23241756591779303,0.12478480536411152,-0.2146812139033205,-0.10743799148566735,-0.4862768382261941,0.5004341143349051,0.007078638054355518,-0.17303587765821465,-0.8266051019043449,-0.4998204897812798,46.797013177370275,1,"Cluster 2: Moderately Served — Central, Rift Valley and Urban Counties",-1,Normal,0.17517991829930263,0,Normal
Kisumu,0.09779857665284272,-0.36672150238508355,-0.8547916181010541,0.6688366914853557,2.2439500522145583,-0.18809826904191276,-0.5766559250495173,0.14633114368216987,-0.5569566345161808,-0.14534279809903092,-0.4562061088050314,-0.3861685138067477,-0.29736448084167616,0.22131811877624077,-0.03802318103271769,-0.7942378901562526,-0.6196503908676133,-0.706944140511933,44.06108691163878,1,"Cluster 2: Moderately Served — Central, Rift Valley and Urban Counties",-1,Normal,0.10699539877686992,0,Normal
Kitui,0.3007723742763643,0.42954829721619986,-0.10296285200500259,0.6814520244967139,0.8168464012580463,-0.4209163167514349,-0.6063983980013168,0.15690593292708144,0.47435794449321145,0.36374383919689096,1.3645212632475385,0.734207682312547,0.5061893274717502,-0.48854592911601713,0.008821699177866515,0.9715736116584099,-0.32597441277365236,0.3227995994423788,77.292033821526,1,"Cluster 2: Moderately Served — Central, Rift Valley and Urban Counties",-1,Normal,0.13825168152168515,0,Normal
Kwale,-0.004873917088272047,-0.4286718485221894,-0.6918559889780266,0.30410647209234115,1.9316028380429446,1.137671169303977,-2.398382393347237,-0.021486238356637433,0.4450425668270626,0.33257526956652866,-0.371964164795455,0.13521789053271208,-0.0076613670080591095,-0.18772443863569954,-0.09769290282187933,0.6436684532227747,-1.4534031613243854,-0.4048673540508054,54.45547044063296,1,"Cluster 2: Moderately Served — Central, Rift Valley and Urban Counties",-1,Normal,0.11071435308415595,0,Normal
Laikipia,0.2435076745753774,-0.8797744860023887,0.1734424797916659,-0.36908646569531073,-1.1649428196928837,-0.5696611805658517,1.0591800872994552,-0.21533353004141947,-0.34157870927849904,-0.4206651631672335,0.3562999686311552,-0.13531463460485912,-0.159974965703514,0.16468538813770803,0.002355211217097017,-0.7921273895911776,-0.6504301700853524,-0.7212787798382649,42.25166566226316,1,"Cluster 2: Moderately Served — Central, Rift Valley and Urban Counties",-1,Normal,0.1548065355919544,0,Normal
Lamu,0.19372047106855797,-0.0606129384505393,-0.7027498274695835,-0.2736626176557337,-0.29252473873078955,0.646166401917208,0.3304894999803676,-0.02273910704864465,-0.3491213939600469,0.3221857463564077,-0.5740141604662783,-0.2003166026899725,-0.2521509489973286,0.010996690073065599,-0.1205771294621315,-0.22576112215590524,2.282855198001823,1.0285470379229589,63.63465561727233,1,"Cluster 2: Moderately Served — Central, Rift Valley and Urban Counties",-1,Normal,0.03903256239975772,0,Normal
Machakos,0.321704002754932,-0.43073430183135336,-1.0222554922031928,-0.5007481760544015,-1.3157311299826284,-0.841282236226961,0.13716342579367083,-0.5216977011071335,-0.5922270201089682,-0.8570251379923098,0.8720870098429778,-0.19238838275276673,-0.3987483545679857,0.5049333786941581,0.05309251206308621,-0.27157018866612376,-0.47674841785049715,-0.3741593032583105,39.42871485551527,1,"Cluster 2: Moderately Served — Central, Rift Valley and Urban Counties",-1,Normal,0.12390172043358333,0,Normal
Makueni,0.3317190694906187,-0.49685139950252727,-0.599160606962711,0.56472169078266,-0.17404820921741856,-0.3885804767917791,-0.07103388486892574,-0.11903340243858329,-0.01845747014624124,0.23387479907038022,1.4584323347936203,0.5579498879059198,-0.20630429547985155,0.16110328638671711,-0.022600504546567216,-0.5183361555411932,-1.3853546027448065,-0.9518453791429998,54.91212806506002,1,"Cluster 2: Moderately Served — Central, Rift Valley and Urban Counties",-1,Normal,0.09409238133542225,0,Normal
Mandera,-2.325457679742593,2.2030624841751045,2.324485912515417,-0.11473296221901481,-0.8148985279488333,2.6121854714642834,0.962517050206107,0.6924516783500673,2.3285241833011012,1.0182838014345046,-0.8757840633961881,0.8236746404464727,3.904965735697682,-3.8085041840952054,0.04823077580123836,1.1884324369388923,-0.531306873774359,0.32856278158226665,88.76052770583888,0,Cluster 1: Structurally Underserved — ASAL and Remote Counties,-1,Normal,0.0660617490755781,0,Normal
Marsabit,-0.22813097779513986,1.2078580847479217,2.2691141212480477,1.864188132609774,1.9154469476547578,2.392301759738624,-1.6771274242660992,1.106235806276841,1.8092053982400547,0.9039990461231758,0.07284798880692085,0.9286841443900503,0.5951190893746591,-0.4185417411333748,0.08828867412064215,1.2555455600412238,-0.738577440524948,0.2584840597581379,97.50204896651475,0,Cluster 1: Structurally Underserved — ASAL and Remote Counties,-1,Anomaly,-0.011884941612903988,1,Anomaly
Meru,0.06449857748460744,-0.2475493040043167,0.8466194474563717,0.12812693463121655,-0.007104008539486886,-0.996494268033309,0.962517050206107,0.10723063274302717,-0.37425125148886357,0.19751146783495707,0.9905667388453978,0.2712756517304971,-0.2776812567103323,0.3169187681867748,0.01961875573822125,0.15625796066538086,1.1925756197527313,0.6744167902090561,71.2682950343481,1,"Cluster 2: Moderately Served — Central, Rift Valley and Urban Counties",-1,Normal,0.15199930610999685,0,Normal
Migori,0.42335442040163085,-0.2571788916238812,-0.011849060302456561,0.43557049464099495,0.7522228397052985,-0.4661864926949533,0.9699526684440568,0.26369799693866997,0.09703035102914018,0.545560495374006,-0.706861473559748,-0.021423542385533973,-0.4254591796976156,0.405916750317874,-0.0097712146898708,-0.4143974609767581,1.0389925793778922,0.31229755920056707,64.43681317339342,1,"Cluster 2: Moderately Served — Central, Rift Valley and Urban Counties",-1,Normal,0.1502471597089789,0,Normal
Mombasa,0.4381275418791739,-0.5746455104841511,-0.08511745113494752,-0.4682976367304647,-0.33022181630322545,0.5879618899898276,-1.1640697658475574,-0.22803753551876355,-0.9941546082483534,-2.2751950561738066,-1.7985987811223285,-1.6893161485148296,-0.6149722952821347,0.6833879242604887,0.03420781448917698,-0.30873054180584725,0.021192845042399138,-0.14376884838172405,18.200294175825135,1,"Cluster 2: Moderately Served — Central, Rift Valley and Urban Counties",-1,Normal,0.041446285717868014,0,Normal
Murang'a,0.325919770358107,-0.48640896173356085,-0.7388207223373662,-0.11201064311386041,-1.1918693036731953,-0.6796030364286817,0.4420237735496157,-0.3486813033398488,-0.3602741602958068,0.026084334867963077,2.5148642684229445,0.726891480998367,-0.28667388355373397,0.5054317470498803,0.10937893174807314,-0.7375946346963494,-0.8681855575400055,-0.8028900961181775,55.69804216296023,1,"Cluster 2: Moderately Served — Central, Rift Valley and Urban Counties",-1,Normal,0.015825743424540684,0,Normal
Nairobi,1.0608279373420624,-0.8034045384408388,-0.743954039704886,-1.036419875482093,-0.8095132311527713,-0.2851057889208803,-0.9930505463747102,-0.5158028689620168,-1.0554175972448592,-3.844013060902056,-1.5137413072558907,-2.137723988467602,-0.0053909850102704816,-0.020767238145363083,-0.013079111577816781,-1.1440980686400049,0.07238719183401217,-0.5358554384029963,0.0,1,"Cluster 2: Moderately Served — Central, Rift Valley and Urban Counties",-1,Anomaly,-0.023130468961165107,1,Anomaly
Nakuru,0.5288377626342186,-0.49937879662882323,-0.5231231010051994,-0.4046308830210777,-0.4917807201850948,-0.5890626845416455,0.8435471583989089,-0.1622273234783876,-0.4134976871109205,-0.7635194291012223,-0.1243453741011652,-0.4337874967711026,-0.6142587527601628,0.5577945039812254,-0.028232124389468705,0.4249837106294631,-0.09492516931694112,0.165029270656261,47.13121269084042,1,"Cluster 2: Moderately Served — Central, Rift Valley and Urban Counties",-1,Normal,0.12852096524352313,0,Normal
Nandi,0.1066615956858603,-0.010310355527026598,0.3693398073838365,-0.369343170375765,-0.3140659259150387,-0.50498950064654,0.01819353398647271,-0.10064485934402868,-0.49885298316805027,-0.015473757972520206,-0.24938129082744492,-0.25456934398933845,-0.5868720108774623,0.5686671449678475,-0.009102432954807393,-0.4395670782256643,-0.3267257332615658,-0.383146405743615,45.71267310932065,1,"Cluster 2: Moderately Served — Central, Rift Valley and Urban Counties",-1,Normal,0.17605624193788033,0,Normal
Narok,-0.3737959452221541,0.8707615052543598,0.6009808470440542,-0.1787748630723016,-0.685651404843338,-0.6278656924932325,0.962517050206107,0.08116735669621354,-0.044960222579270244,0.2858224151209845,-1.218147338553594,-0.3257617153372932,-0.1398417523914754,-0.00010524156562185792,-0.06997349697854863,-0.008381010618996453,0.04797680370017502,0.019797896540589284,52.02155525296605,1,"Cluster 2: Moderately Served — Central, Rift Valley and Urban Counties",-1,Normal,0.13361218412980191,0,Normal
Nyamira,0.11891181324864324,-0.6156415617293483,-0.7077643774640862,-0.19902794583691963,1.242284848146969,-0.2980401249047428,0.6725279389260618,0.030464370055225294,-0.2999684458623358,0.5611447801891871,0.9134469828402217,0.3915411057223577,-0.46003578195325356,0.3424122746962505,-0.05881175362850152,-0.7216495262762852,-0.34389580076338927,-0.5327726635198372,58.9702336584209,1,"Cluster 2: Moderately Served — Central, Rift Valley and Urban Counties",-1,Normal,0.13099942959560007,0,Normal
Nyandarua,0.20200428576586912,-0.521733836959511,-0.495709402739565,-0.05135421548496122,-0.22251588038197928,-0.22690127699349988,0.9996951413958564,-0.04521645505682729,-0.7697660017635781,0.14036909017929267,0.7740842909047418,0.04822912644015213,-0.5930571766986678,0.7311882489657557,0.06906553613354399,-0.4082939744353561,-0.9070765869378703,-0.6576852806866131,49.589715691078915,1,"Cluster 2: Moderately Served — Central, Rift Valley and Urban Counties",-1,Normal,0.12435327799627399,0,Normal
Nyeri,0.9177178893900269,-1.305589800259973,-0.4137237716374274,-0.4022738295186765,-1.0033839158110143,-1.151706299839657,0.8509827766368588,-0.35828242157712314,-0.5870519181676825,-0.9453360852783372,1.174195456081299,-0.11939751578824025,0.1441197528591838,-0.18403938196629263,-0.019959814553554417,-1.689228432559881,-0.6628530965392991,-1.17604076454959,34.99187107415823,1,"Cluster 2: Moderately Served — Central, Rift Valley and Urban Counties",-1,Normal,0.06644313651638839,0,Normal
Samburu,-0.7831330193698925,1.9784426333142489,1.2829164352572224,0.9778201156608212,1.2261289577587815,0.7690425937639002,0.3602319729321671,0.8302070984738927,1.4567476025651542,0.7533509595764231,-0.9561323818027043,0.4179887267796243,0.5966892919250775,-0.658689817920038,-0.031000262997480266,2.0636604497945346,-0.21254582465210797,0.9255573125712133,89.90806456658238,0,Cluster 1: Structurally Underserved — ASAL and Remote Counties,-1,Normal,0.05803876169879901,0,Normal
Siaya,0.13641838213917085,-0.7749531449610416,-0.5888415504961929,-0.06689697366016747,0.7845346204816728,0.5556260500301717,-1.0525354922783092,-0.14380687267781367,-0.0767256912302887,0.6494557274752145,1.0462614902772898,0.5396638421740718,-0.4584038444401383,0.4639018440535663,0.002748999806714003,0.13962533423873433,-0.8026301785445633,-0.3315024221529145,60.915400198054414,1,"Cluster 2: Moderately Served — Central, Rift Valley and Urban Counties",-1,Normal,0.15838828626217544,0,Normal
Taita Taveta,0.07828283283969227,-0.6283306176191603,-0.7942993594772643,-0.47792778903057853,-0.4002306746520357,-0.5825955165497142,-0.9558724551849609,-0.5372819399534317,-0.5984622486386959,0.10920052054892965,0.9670256042738441,0.15925462539469262,-0.28162223576367734,0.2905080990690366,0.004442931652679616,-0.20945851436598248,-0.21266543371230642,-0.21106197403914445,47.75351749600455,1,"Cluster 2: Moderately Served — Central, Rift Valley and Urban Counties",-1,Normal,0.14282686056298577,0,Normal
Tana River,-0.6430248323941145,1.9200425980441385,1.381483435370789,2.6433130688794684,1.7700439341610754,1.325219041069981,-0.7997244721880136,1.085336110420475,1.0166974272238924,0.8572461916776317,-0.7586735131818965,0.3717567019065426,0.4544932553801911,-0.2687673903902047,0.0928629324949932,0.7044686745291152,1.0353126145317864,0.8698906445304508,93.02098795046105,0,Cluster 1: Structurally Underserved — ASAL and Remote Counties,-1,Anomaly,-0.003601130975885436,1,Anomaly
Tharaka-Nithi,0.4493868223768901,-0.6766455896543936,-0.3483565417982818,0.3878304615258954,0.3698667671848748,-0.9770927640575157,0.6799635571640117,-0.016435326751217012,-0.33428652502219286,0.21309575265013822,1.1646003366872266,0.34780318810505734,-0.6480193601686594,0.7311882489657557,0.04158444439854819,-0.18247456478254093,0.5622172045467831,0.1898713198821211,65.21217484682022,1,"Cluster 2: Moderately Served — Central, Rift Valley and Urban Counties",-1,Normal,0.15963933733136804,0,Normal
Trans-Nzoia,0.26724257007502195,-0.30706773694847855,-0.5141623670040605,-0.5362955512619857,0.5152697806785569,-0.5114566686384713,0.6725279389260618,-0.059134576310479345,-0.48952685508343763,0.2182905142551991,-0.6963067246247228,-0.3225143551509871,-0.4394288969798157,0.17989117069834235,-0.12976886314073666,0.15910823655891368,-0.08087999282696945,0.039114121865972115,49.75656601351285,1,"Cluster 2: Moderately Served — Central, Rift Valley and Urban Counties",-1,Normal,0.0627434776034721,0,Normal
Turkana,-0.281784653732541,2.1070161425875225,1.2762390968877393,0.8909742917056691,-0.7018072952315252,0.5491588820382405,-1.654820569552249,0.3121394135289795,2.5736877494355155,0.8676357148877527,-0.4303845097945058,1.0036463181762543,0.28910619237523494,-0.5006445974661491,-0.10576920254545708,1.7854960127061257,0.8876635004667934,1.3365797565864597,96.42214477057583,0,Cluster 1: Structurally Underserved — ASAL and Remote Counties,-1,Anomaly,-0.06228573741064558,1,Anomaly
Uasin Gishu,0.2997600977547099,-0.500962463240722,0.12620195992789113,-0.7274569120769052,-1.0949339613440736,-0.880085244178548,0.7394485030676107,-0.2911468600128625,-0.8313154280094486,-1.1427370262706333,-1.1311014300192677,-1.0350512947664499,-0.36813719674455025,0.45792388086350394,0.04489334205947684,-0.3109457499982165,0.38097927596605635,0.035016762983919925,31.7205945219169,1,"Cluster 2: Moderately Served — Central, Rift Valley and Urban Counties",-1,Normal,0.0734973169805298,0,Normal
Vihiga,0.7316987521396197,-0.31993799035386433,-1.130247839879334,-0.25848747417801676,0.892240556402919,0.21286614645781948,0.4643306282634653,0.08463753983608689,-0.254116039233837,0.6806242971055768,2.0339630457478717,0.8201571012065371,-0.7045389986356569,0.7630551321026005,0.029258066733471755,-0.3655012225852834,0.022379630304368476,-0.17156079614045747,72.23838524357124,1,"Cluster 2: Moderately Served — Central, Rift Valley and Urban Counties",-1,Normal,0.12461506580941828,0,Normal
Wajir,-2.1054353884965,2.132709351965437,2.6774346956470656,0.5846536697936142,1.3553760808642774,2.5669152955207655,-0.06359826663097576,1.021150776951955,1.7358078345465897,0.8936095229130548,-0.343909816199668,0.761835847086659,0.8832892177990558,-0.9104779817527017,-0.013594381976822945,0.2828646151211478,1.5629664804406513,0.9229155477808996,100.0,0,Cluster 1: Structurally Underserved — ASAL and Remote Counties,-1,Normal,0.01845169058651841,0,Normal
West Pokot,-0.6954083543973255,1.54643483615546,0.5068911357479736,0.16266141259606123,-0.21713058358591728,1.325219041069981,0.7840622124953099,0.4875328142973632,0.9849666357697346,0.8001038140219673,-0.8041144681783904,0.3269853272044371,0.6797450017509377,-0.8309768966958306,-0.07561594747244649,2.0739050064275335,-0.774975290338676,0.6494648580444288,78.92530017102864,0,Cluster 1: Structurally Underserved — ASAL and Remote Counties,-1,Normal,0.07204239779813093,0,Normal
